{"short": {"weights": {"oversold": 1.0, "rebound": 0.8, "momentum": 0.7, "discount": 0.5, "riskadj": 0.4, "ddpen": 0.5, "histcheap": 0.4, "trend": 0.4, "prob": 0.2}, "k": 11.0, "stats": {"oversold": [-55.03167036753031, 15.456885491180905], "rebound": [-3.4515847661719503, 12.301808670512118], "momentum": [-1.461344373479212, 8.643519598547382], "discount": [8.222399869247592, 12.19053004614648], "riskadj": [1.4449999999999998, 1.7198159999999998], "ddpen": [-13.280000000000001, 14.121764999999996], "histcheap": [-1.385, 1.6679249999999999], "trend": [1.0, 0.9277773294280629], "prob": [41.0, 11.8608]}}, "long": {"weights": {"quality": 1.0, "valcheap": 0.9, "discount": 0.6, "histcheap": 0.5, "riskadj": 0.4, "ddpen": 0.4, "momentum": 0.4, "prob": 0.4}, "k": 11.0, "stats": {"quality": [57.900000000000006, 10.74885], "valcheap": [-0.1608585982489722, 1.0489771500550322], "discount": [9.210967141697296, 13.558218068616982], "histcheap": [-0.735, 1.8384239999999998], "riskadj": [1.16, 1.304688], "ddpen": [-6.1899999999999995, 4.351430999999999], "momentum": [-0.5983616719987261, 5.11303634319113], "prob": [56.5, 34.099799999999995]}}}