{"short": {"weights": {"oversold": 1.0, "rebound": 0.8, "momentum": 0.7, "discount": 0.5, "riskadj": 0.4, "ddpen": 0.5, "histcheap": 0.4, "trend": 0.4, "prob": 0.2, "relstrength": 0.5}, "k": 11.0, "stats": {"oversold": [-40.707417927368205, 14.020041608198033], "rebound": [4.934237031252797, 10.407548074392846], "momentum": [2.220571018611844, 5.100541395407208], "discount": [13.981970791870785, 15.016488479200968], "riskadj": [1.15, 1.9866839999999997], "ddpen": [-6.99, 2.4240510000000004], "histcheap": [-0.58, 1.9792709999999998], "trend": [1.0, 0.9860132971832694], "prob": [47.5, 3.7064999999999997], "relstrength": [-1.2434256799959742, 5.100541395407208]}}, "long": {"weights": {"quality": 1.0, "valcheap": 0.9, "discount": 0.6, "histcheap": 0.5, "riskadj": 0.4, "ddpen": 0.4, "momentum": 0.4, "prob": 0.4, "trappen": 0.6}, "k": 11.0, "stats": {"quality": [52.3, 15.122520000000003], "valcheap": [-0.5215060913659347, 1.3765609846966382], "discount": [13.981970791870785, 15.016488479200968], "histcheap": [-0.58, 1.9792709999999998], "riskadj": [1.15, 1.9866839999999997], "ddpen": [-6.99, 2.4240510000000004], "momentum": [2.220571018611844, 5.100541395407208], "prob": [57.5, 37.065], "trappen": [0.0, 2.9652]}}}