{"short": {"weights": {"oversold": 1.0, "rebound": 0.8, "momentum": 0.7, "discount": 0.5, "riskadj": 0.4, "ddpen": 0.5, "histcheap": 0.4, "trend": 0.4, "prob": 0.2}, "k": 11.0, "stats": {"oversold": [-50.30276946723628, 15.700861296245808], "rebound": [-2.079054928095858, 7.8129788949704615], "momentum": [2.1159404555297745, 4.599945774109531], "discount": [5.070922930807475, 6.840025248622074], "riskadj": [1.5, 0.9340379999999998], "ddpen": [-6.01, 4.329192], "histcheap": [-1.56, 1.0081680000000002], "trend": [1.0, 0.8595146491472763], "prob": [48.0, 4.4478]}}, "long": {"weights": {"quality": 1.0, "valcheap": 0.9, "discount": 0.6, "histcheap": 0.5, "riskadj": 0.4, "ddpen": 0.4, "momentum": 0.4, "prob": 0.4}, "k": 11.0, "stats": {"quality": [57.0, 13.046879999999994], "valcheap": [-0.18705893560356898, 1.2551674244240107], "discount": [13.682866344925582, 16.371344262337512], "histcheap": [-0.76, 1.378818], "riskadj": [1.12, 1.2009059999999996], "ddpen": [-8.51, 7.694693999999999], "momentum": [1.2250473981307963, 4.375241149515965], "prob": [55.0, 29.651999999999997]}}}