{"short": {"weights": {"oversold": 1.0, "rebound": 0.8, "momentum": 0.7, "discount": 0.5, "riskadj": 0.4, "ddpen": 0.5, "histcheap": 0.4, "trend": 0.4, "prob": 0.2}, "k": 11.0, "stats": {"oversold": [-53.869859435502406, 12.071880574150455], "rebound": [-2.8225951058761467, 10.031284030164061], "momentum": [1.8144021679123545, 4.269365320881747], "discount": [14.030129822734217, 18.121222149483778], "riskadj": [1.3, 1.5419039999999997], "ddpen": [-11.11, 11.742192], "histcheap": [-1.02, 1.9718579999999999], "trend": [1.0, 0.9353036402197332], "prob": [43.0, 10.3782]}}, "long": {"weights": {"quality": 1.0, "valcheap": 0.9, "discount": 0.6, "histcheap": 0.5, "riskadj": 0.4, "ddpen": 0.4, "momentum": 0.4, "prob": 0.4}, "k": 11.0, "stats": {"quality": [58.05, 10.37820000000001], "valcheap": [-0.26821009058933204, 1.066010051156819], "discount": [11.028287418416294, 12.671874957906905], "histcheap": [-0.7949999999999999, 1.3046879999999998], "riskadj": [1.2149999999999999, 0.8747340000000002], "ddpen": [-6.025, 4.366257], "momentum": [2.0412231385209645, 2.0372142533836777], "prob": [61.0, 30.3933]}}}