{"short": {"weights": {"oversold": 1.0, "rebound": 0.8, "momentum": 0.7, "discount": 0.5, "riskadj": 0.4, "ddpen": 0.5, "histcheap": 0.4, "trend": 0.4, "prob": 0.2, "relstrength": 0.5}, "k": 11.0, "stats": {"oversold": [-54.491150736859225, 15.693671420543955], "rebound": [-2.0407828991503116, 9.97194985017997], "momentum": [-2.3452378321437872, 5.340623072576295], "discount": [14.783214372141362, 20.872912640790087], "riskadj": [1.355, 1.6382729999999999], "ddpen": [-12.43, 12.661403999999997], "histcheap": [-0.75, 1.9347929999999998], "trend": [1.0, 0.9460763731688261], "prob": [45.5, 8.1543], "relstrength": [-0.14877436476196104, 5.340623072576295]}}, "long": {"weights": {"quality": 1.0, "valcheap": 0.9, "discount": 0.6, "histcheap": 0.5, "riskadj": 0.4, "ddpen": 0.4, "momentum": 0.4, "prob": 0.4, "trappen": 0.6}, "k": 11.0, "stats": {"quality": [59.4, 14.677739999999996], "valcheap": [-0.1693977686274851, 1.0494897787247695], "discount": [11.233017281779063, 15.315549964065754], "histcheap": [-1.175, 1.3343399999999999], "riskadj": [1.355, 0.652344], "ddpen": [-6.800000000000001, 4.573821000000001], "momentum": [-1.2571812465252963, 2.764234876736108], "prob": [60.5, 32.6172], "trappen": [2.0, 1.4826]}}}