{"short": {"weights": {"oversold": 1.0, "rebound": 0.8, "momentum": 0.7, "discount": 0.5, "riskadj": 0.4, "ddpen": 0.5, "histcheap": 0.4, "trend": 0.4, "prob": 0.2}, "k": 11.0, "stats": {"oversold": [-42.55319858065732, 13.626062393444766], "rebound": [4.642448315989334, 9.178230443239068], "momentum": [1.739796935704624, 4.120359296340767], "discount": [14.044600025198967, 14.255675580327079], "riskadj": [1.145, 1.9125539999999999], "ddpen": [-6.99, 2.4240510000000004], "histcheap": [-0.635, 1.8458369999999997], "trend": [1.0, 0.9860132971832694], "prob": [48.0, 2.2239]}}, "long": {"weights": {"quality": 1.0, "valcheap": 0.9, "discount": 0.6, "histcheap": 0.5, "riskadj": 0.4, "ddpen": 0.4, "momentum": 0.4, "prob": 0.4, "trappen": 0.6}, "k": 11.0, "stats": {"quality": [52.1, 14.603610000000002], "valcheap": [-0.5215060913659347, 1.3756493570203425], "discount": [14.044600025198967, 14.255675580327079], "histcheap": [-0.635, 1.8458369999999997], "riskadj": [1.145, 1.9125539999999999], "ddpen": [-6.99, 2.4240510000000004], "momentum": [1.739796935704624, 4.120359296340767], "prob": [52.5, 33.3585], "trappen": [0.0, 2.9652]}}}