{"short": {"weights": {"oversold": 1.0, "rebound": 0.8, "momentum": 0.7, "discount": 0.5, "riskadj": 0.4, "ddpen": 0.5, "histcheap": 0.4, "trend": 0.4, "prob": 0.2}, "k": 11.0, "stats": {"oversold": [-54.125219011822715, 14.913242061263054], "rebound": [-2.776999708843053, 11.731753651190825], "momentum": [-1.0088427155940494, 7.17714472874341], "discount": [9.888734011518125, 14.315870258576185], "riskadj": [1.29, 1.7939459999999998], "ddpen": [-10.575, 10.274417999999997], "histcheap": [-1.355, 1.8754889999999997], "trend": [1.0, 0.9356455129756981], "prob": [44.0, 8.8956]}}, "long": {"weights": {"quality": 1.0, "valcheap": 0.9, "discount": 0.6, "histcheap": 0.5, "riskadj": 0.4, "ddpen": 0.4, "momentum": 0.4, "prob": 0.4}, "k": 11.0, "stats": {"quality": [57.900000000000006, 10.74885], "valcheap": [-0.1590042429538344, 0.8611599291426807], "discount": [10.269586485175836, 14.448419056822384], "histcheap": [-0.685, 1.8384239999999996], "riskadj": [1.125, 1.363992], "ddpen": [-6.345000000000001, 4.329192000000001], "momentum": [-0.39855352054727344, 5.19937762722951], "prob": [63.0, 31.875899999999998]}}}