{"short": {"weights": {"oversold": 1.0, "rebound": 0.8, "momentum": 0.7, "discount": 0.5, "riskadj": 0.4, "ddpen": 0.5, "histcheap": 0.4, "trend": 0.4, "prob": 0.2, "relstrength": 0.5}, "k": 11.0, "stats": {"oversold": [-50.917755252297795, 12.189453779428227], "rebound": [-0.707963360561692, 9.285500752775187], "momentum": [0.48479774245245855, 3.618330318902334], "discount": [16.540349515794617, 22.65649027239514], "riskadj": [1.22, 1.467774], "ddpen": [-13.34, 13.254444000000001], "histcheap": [-0.84, 1.7791200000000003], "trend": [1.0, 0.9863675817102864], "prob": [43.0, 10.3782], "relstrength": [-1.7162148753737116, 3.6183303189023333]}}, "long": {"weights": {"quality": 1.0, "valcheap": 0.9, "discount": 0.6, "histcheap": 0.5, "riskadj": 0.4, "ddpen": 0.4, "momentum": 0.4, "prob": 0.4, "trappen": 0.6}, "k": 11.0, "stats": {"quality": [60.2, 12.453840000000003], "valcheap": [-0.15942809979656827, 0.8804647229487709], "discount": [8.152624551607552, 11.099743292328139], "histcheap": [-1.4100000000000001, 1.0378199999999995], "riskadj": [1.4449999999999998, 0.607866], "ddpen": [-7.335, 5.418903], "momentum": [-0.20800719945507362, 3.0024010140135036], "prob": [59.5, 34.099799999999995], "trappen": [2.0, 1.4826]}}}